"plantLoc","cost","usageTime"
"GIP",20.000000,1.000000
"GIR",20.000000,1.000000
"GIM",20.000000,1.000000
"GIX",20.000000,1.000000
